{
  "stickers" : [
    {
      "filename" : "StickerPack.sticker"
    },
    {
      "filename" : "baby-1.sticker"
    },
    {
      "filename" : "baby-9.sticker"
    },
    {
      "filename" : "baby-8.sticker"
    },
    {
      "filename" : "baby-7.sticker"
    },
    {
      "filename" : "baby-6.sticker"
    },
    {
      "filename" : "baby-12.sticker"
    },
    {
      "filename" : "baby-10.sticker"
    },
    {
      "filename" : "baby-11.sticker"
    },
    {
      "filename" : "baby-4.sticker"
    },
    {
      "filename" : "baby-5.sticker"
    },
    {
      "filename" : "baby-3.sticker"
    },
    {
      "filename" : "win_13.sticker"
    },
    {
      "filename" : "win_8.sticker"
    },
    {
      "filename" : "win_10.sticker"
    },
    {
      "filename" : "win_9.sticker"
    },
    {
      "filename" : "win_12.sticker"
    },
    {
      "filename" : "win_2.sticker"
    },
    {
      "filename" : "win_16.sticker"
    },
    {
      "filename" : "win_4.sticker"
    },
    {
      "filename" : "win_11.sticker"
    },
    {
      "filename" : "win_15.sticker"
    },
    {
      "filename" : "win_6.sticker"
    },
    {
      "filename" : "win_3.sticker"
    },
    {
      "filename" : "win_5.sticker"
    },
    {
      "filename" : "win_7.sticker"
    },
    {
      "filename" : "win_1.sticker"
    },
    {
      "filename" : "win_14.sticker"
    }
  ],
  "info" : {
    "version" : 1,
    "author" : "xcode"
  },
  "properties" : {
    "grid-size" : "regular"
  }
}